title,link
BILLY,https://www.ikea.com/in/en/p/billy-bookcase-black-oak-effect-20477341/
BILLY,https://www.ikea.com/in/en/p/billy-bookcase-white-90522038/
BILLY / OXBERG,https://www.ikea.com/in/en/p/billy-oxberg-bookcase-with-glass-doors-black-oak-effect-s59483628/
BILLY / OXBERG,https://www.ikea.com/in/en/p/billy-oxberg-bookcase-with-panel-glass-doors-black-oak-effect-s59483633/
BILLY,https://www.ikea.com/in/en/p/billy-bookcase-white-30522041/
BILLY,https://www.ikea.com/in/en/p/billy-bookcase-combination-crnr-solution-white-s99545342/
BAGGEBO,https://www.ikea.com/in/en/p/baggebo-shelving-unit-metal-white-60483873/
BILLY / OXBERG,https://www.ikea.com/in/en/p/billy-oxberg-bookcase-combination-w-glass-doors-black-oak-effect-s29483743/
BAGGEBO,https://www.ikea.com/in/en/p/baggebo-cabinet-with-door-white-70483882/
BILLY,https://www.ikea.com/in/en/p/billy-bookcase-white-70522044/
BRIMNES,https://www.ikea.com/in/en/p/brimnes-bookcase-white-10351686/
BILLY / OXBERG,https://www.ikea.com/in/en/p/billy-oxberg-bookcase-with-panel-glass-door-white-glass-s79528348/
KALLAX,https://www.ikea.com/in/en/p/kallax-shelving-unit-white-20351884/
HEMNES,https://www.ikea.com/in/en/p/hemnes-glass-door-cabinet-with-3-drawers-grey-green-light-brown-stained-80596162/
KALLAX,https://www.ikea.com/in/en/p/kallax-shelving-unit-with-underframe-dark-green-black-s89569692/
LERBERG,https://www.ikea.com/in/en/p/lerberg-shelf-unit-dark-grey-60186401/
BILLY / OXBERG,https://www.ikea.com/in/en/p/billy-oxberg-bookcase-with-doors-white-s49528340/
BILLY / OXBERG,https://www.ikea.com/in/en/p/billy-oxberg-bookcase-with-glass-door-white-glass-s59545358/
KALLAX / LINNMON,https://www.ikea.com/in/en/p/kallax-linnmon-desk-combination-white-s09483447/
KALLAX,https://www.ikea.com/in/en/p/kallax-shelving-unit-white-60351882/
HYLLIS,https://www.ikea.com/in/en/p/hyllis-shelving-unit-in-outdoor-10428327/
BILLY / OXBERG,https://www.ikea.com/in/en/p/billy-oxberg-bookcase-with-door-white-s09528342/